City,Cloudiness,Country,Date,Humidity,Lat,Lng,Max Temp,Wind Speed
Dikson,100,RU,1643681961,89,73.5069,80.5464,-0.9,19.08
Rikitea,95,PF,1643681962,67,-23.1203,-134.9692,78.28,5.93
Caconda,100,AO,1643681964,79,-13.7333,15.0667,58.14,2.57
San Quintín,100,MX,1643681965,73,30.4833,-115.95,58.55,6.93
Nikolskoye,100,RU,1643681967,97,59.7035,30.7861,24.69,4.63
Port Elizabeth,100,ZA,1643681919,100,-33.918,25.5701,73.09,4.61
Nanortalik,100,GL,1643681971,80,60.1432,-45.2371,24.46,12.68
Atuona,14,PF,1643681972,77,-9.8,-139.0333,78.62,19.73
Jamestown,0,US,1643681974,54,42.097,-79.2353,26.24,4.61
George Town,20,MY,1643681934,74,5.4112,100.3354,84.13,1.01
Cape Town,0,ZA,1643681814,81,-33.9258,18.4232,73.11,1.01
Busselton,0,AU,1643681978,39,-33.65,115.3333,72.05,16.35
Airai,50,TL,1643681979,60,-8.9266,125.4092,72.05,6.89
Ushuaia,75,AR,1643681703,87,-54.8,-68.3,40.66,21.85
Butaritari,100,KI,1643681982,78,3.0707,172.7902,81.88,12.75
Cockburn Town,99,TC,1643681984,71,21.4612,-71.1419,74.19,21.52
Provideniya,75,RU,1643681985,67,64.3833,-173.3,10.51,17.9
Yeppoon,100,AU,1643681986,61,-23.1333,150.7333,94.78,11.1
Port Blair,40,IN,1643681988,83,11.6667,92.75,73.44,0.0
Lavrentiya,9,RU,1643681761,82,65.5833,-171.0,-1.62,12.37
Firovo,100,RU,1643681991,97,57.4814,33.7021,24.62,5.14
Lorengau,100,PG,1643681993,91,-2.0226,147.2712,77.47,13.69
Mpika,24,ZM,1643681995,97,-11.8343,31.4529,59.05,2.3
Carutapera,100,BR,1643681996,87,-1.195,-46.02,73.06,8.28
Tiksi,100,RU,1643681998,100,71.6872,128.8694,-11.04,5.7
Hithadhoo,12,MV,1643681999,72,-0.6,73.0833,82.44,12.33
Padang,100,ID,1643682001,83,-0.9492,100.3543,78.85,1.14
Hilo,75,US,1643682002,71,19.7297,-155.09,76.73,4.61
Paita,100,PE,1643682003,75,-5.0892,-81.1144,72.41,7.67
Araouane,0,ML,1643682005,9,18.9048,-3.5265,66.49,13.27
Kavaratti,6,IN,1643682006,72,10.5669,72.642,80.44,9.57
Aklavik,100,CA,1643682008,92,68.2191,-135.0107,-4.97,10.51
Bethel,0,US,1643682009,66,41.3712,-73.414,22.05,3.44
Thompson,100,CA,1643682010,78,55.7435,-97.8558,1.56,11.5
Hobart,0,AU,1643681828,32,-42.8794,147.3294,82.26,4.0
Kyra,98,RU,1643682411,83,49.5776,111.9753,-3.75,3.83
Jianhu,100,CN,1643682412,84,29.9799,120.5712,42.75,4.5
Bluff,100,NZ,1643682414,79,-46.6,168.3333,68.81,10.96
Iguape,100,BR,1643682415,95,-24.7081,-47.5553,72.59,6.58
Punta Arenas,75,CL,1643682416,76,-53.15,-70.9167,46.51,18.41
Avarua,100,CK,1643682418,83,-21.2078,-159.775,78.85,11.5
Bredasdorp,21,ZA,1643682419,88,-34.5322,20.0403,73.27,12.66
Vaini,70,TO,1643682421,73,-21.2,-175.2,80.44,14.43
Puerto Ayora,91,EC,1643682422,95,-0.7393,-90.3518,73.54,5.28
Vila Franca do Campo,52,PT,1643682423,77,37.7167,-25.4333,57.61,13.56
Shahr-e Kord,100,IR,1643682327,100,32.3256,50.8644,29.97,2.3
East London,100,ZA,1643682426,71,-33.0153,27.9116,77.02,2.42
Saint George,0,US,1643682429,24,37.1041,-113.5841,52.54,3.0
Severo-Kuril'sk,100,RU,1643682432,74,50.6789,156.125,28.87,18.39
Aripuanã,100,BR,1643682273,97,-9.1667,-60.6333,71.47,1.79
Calbuco,10,CL,1643682435,81,-41.768,-73.1273,56.41,6.53
Abhā,0,SA,1643682436,87,18.2164,42.5053,52.05,3.44
Kadiri,46,IN,1643682438,84,14.1167,78.1667,68.02,4.07
Tornio,36,FI,1643682439,97,65.8481,24.1466,-3.98,6.22
Pevek,65,RU,1643682441,97,69.7008,170.3133,-17.16,0.58
Kainantu,100,PG,1643682442,61,-6.2887,145.8655,71.76,2.68
Kandrian,100,PG,1643682443,75,-6.2167,149.55,84.22,5.06
Castro,1,BR,1643682445,90,-24.7911,-50.0119,62.67,2.55
Mataura,100,NZ,1643682446,46,-46.1927,168.8643,68.49,1.34
Mount Gambier,88,AU,1643682448,52,-37.8333,140.7667,62.46,13.87
Yenagoa,65,NG,1643682449,81,4.9247,6.2642,71.89,2.53
Uruburetama,39,BR,1643682452,90,-3.625,-39.5083,73.53,1.23
New Norfolk,33,AU,1643682453,26,-42.7826,147.0587,82.65,8.01
Nakonde,99,ZM,1643682456,98,-9.3421,32.745,58.01,0.27
Saint Anthony,0,US,1643682458,77,45.0205,-93.218,29.25,7.0
Gari,83,RU,1643682459,100,59.4307,62.3497,-6.29,3.31
Saint-Philippe,100,RE,1643682221,80,-21.3585,55.7679,78.35,14.61
Bengkulu,88,ID,1643682462,72,-3.8004,102.2655,81.55,3.76
Masumbwe,100,TZ,1643682463,96,-3.6333,32.1833,62.24,2.98
Shingū,2,JP,1643682465,38,33.7333,135.9833,50.99,8.41
Zaraza,99,VE,1643682468,73,9.3503,-65.3245,76.15,8.68
Illintsi,100,UA,1643682469,92,49.1048,29.2177,25.18,7.74
Blahodatne,83,UA,1643682470,93,50.6637,24.2492,21.18,6.24
Port Shepstone,100,ZA,1643682261,90,-30.7414,30.455,74.7,9.35
Pilar,7,BR,1643682473,87,-9.5972,-35.9567,76.93,4.18
Jalu,1,LY,1643682475,66,29.0331,21.5482,51.84,9.71
Pīpār,0,IN,1643682476,74,26.3856,73.5378,60.51,5.44
Albany,8,US,1643682479,69,42.6001,-73.9662,17.92,2.24
Ulladulla,90,AU,1643682482,58,-35.35,150.4667,95.77,5.06
Sitka,100,US,1643682483,80,57.0531,-135.33,35.49,5.75
Krasnosel'kup,100,RU,1643682485,96,65.7,82.4667,7.27,8.19
Cidreira,2,BR,1643682486,87,-30.1811,-50.2056,72.95,1.66
Lebu,0,CL,1643682487,77,-37.6167,-73.65,57.56,17.11
Chapais,39,CA,1643682489,99,49.7834,-74.8492,-16.82,3.76
Acuitzio,1,MX,1643682490,28,20.345,-101.9771,61.84,5.32
Kapaa,75,US,1643682340,71,22.0752,-159.319,76.98,0.0
Kushima,85,JP,1643682495,54,31.4583,131.2333,53.64,9.35
Takayama,100,JP,1643682496,77,36.1333,137.25,38.03,2.93
Hobyo,54,SO,1643682497,82,5.3505,48.5268,77.11,12.97
Barrow,100,US,1643682352,77,71.2906,-156.7887,-12.98,8.05
Vardø,22,NO,1643682503,81,70.3705,31.1107,21.97,8.34
Kaohsiung City,75,TW,1643682504,61,22.6163,120.3133,73.35,1.99
Vila Velha,75,BR,1643682506,94,-20.3297,-40.2925,73.35,5.75
Kuruman,100,ZA,1643682507,88,-27.4524,23.4325,64.99,13.04
Srednekolymsk,100,RU,1643682509,89,67.45,153.6833,-12.42,3.65
Faanui,7,PF,1643682510,73,-16.4833,-151.75,81.1,20.29
Chegdomyn,94,RU,1643682511,93,51.1167,133.0167,-7.29,1.88
Kaitangata,100,NZ,1643682514,76,-46.2817,169.8464,69.93,7.38
Yerofey Pavlovich,97,RU,1643682516,72,53.9667,121.9667,0.9,3.18
Mindelo,0,CV,1643682517,78,16.8901,-24.9804,69.35,19.57
Nago,98,JP,1643682519,62,26.5881,127.9761,66.27,6.38
Chui,0,UY,1643682520,65,-33.6971,-53.4616,61.38,7.09
Yellowknife,20,CA,1643682522,87,62.456,-114.3525,-10.71,6.91
Alofi,92,NU,1643682523,78,-19.0595,-169.9187,80.49,6.91
Sanarate,34,GT,1643682524,71,14.795,-90.1922,70.11,2.26
Coyhaique,75,CL,1643682356,63,-45.5752,-72.0662,58.95,6.91
Norman Wells,100,CA,1643682529,72,65.282,-126.8329,3.24,11.5
Hermanus,3,ZA,1643682530,89,-34.4187,19.2345,73.8,8.48
Constitución,0,CL,1643682531,75,-35.3333,-72.4167,57.7,8.3
Port Lincoln,21,AU,1643682533,55,-34.7333,135.8667,66.0,21.05
Saint Paul Harbor,100,US,1643682534,93,57.79,-152.4072,29.71,6.91
Huarmey,8,PE,1643682536,83,-10.0681,-78.1522,71.11,7.47
Saint-Pierre,40,RE,1643682537,73,-21.3393,55.4781,78.44,10.36
Korla,9,CN,1643682539,54,41.7597,86.1469,22.23,1.59
Cherskiy,100,RU,1643682540,86,68.75,161.3,-4.32,3.36
Kavieng,96,PG,1643682542,84,-2.5744,150.7967,79.95,12.91
Geraldton,7,AU,1643682543,37,-28.7667,114.6,84.61,20.71
Port Alfred,99,ZA,1643682544,97,-33.5906,26.891,74.64,2.71
Anloga,99,GH,1643682437,75,5.7947,0.8973,71.82,7.87
Dunedin,100,NZ,1643682547,81,-45.8742,170.5036,66.79,8.99
Ribeira Grande,19,PT,1643682549,74,38.5167,-28.7,60.12,12.86
Kruisfontein,98,ZA,1643682550,96,-34.0033,24.7314,70.88,3.8
Deputatsky,100,RU,1643682551,99,69.3,139.9,-20.18,2.98
Beringovskiy,100,RU,1643682273,94,63.05,179.3167,10.31,19.71
Flin Flon,100,CA,1643682556,93,54.7682,-101.865,5.88,14.52
Torbay,75,CA,1643682557,74,47.6666,-52.7314,31.75,11.5
Gunnedah,80,AU,1643682558,40,-30.9833,150.25,91.02,8.37
Youkounkoun,33,GN,1643682560,14,12.5333,-13.1333,78.35,3.78
Kyaikto,94,MM,1643682561,64,17.3,97.0167,70.39,5.23
Otradnoye,100,RU,1643682563,96,59.7775,30.8181,24.85,4.7
Taltal,0,CL,1643682564,78,-25.4,-70.4833,65.79,3.18
Hamilton,0,US,1643682566,74,39.1834,-84.5333,34.21,1.99
Narsaq,100,GL,1643682567,88,60.9167,-46.05,25.02,6.42
Leningradskiy,59,RU,1643682568,95,69.3833,178.4167,-16.98,9.22
Tommot,100,RU,1643682570,94,58.9564,126.2925,-4.29,7.4
Arraial do Cabo,0,BR,1643682571,94,-22.9661,-42.0278,75.06,2.3
Mosjøen,100,NO,1643682573,82,65.836,13.1908,26.6,7.4
Lata,0,PT,1643682574,55,40.1629,-8.3327,50.05,5.84
Vangaindrano,60,MG,1643682575,85,-23.35,47.6,73.56,2.28
Saskylakh,66,RU,1643682577,100,71.9167,114.0833,-28.91,2.19
Te Anau,100,NZ,1643682578,39,-45.4167,167.7167,76.23,2.06
Lompoc,0,US,1643682580,85,34.6391,-120.4579,60.1,9.22
Port Augusta,100,AU,1643682581,55,-32.5,137.7667,78.71,20.74
Zavoronezhskoye,100,RU,1643682583,94,52.8801,40.5526,28.13,13.69
Ponta do Sol,13,PT,1643682584,83,32.6667,-17.1,65.03,12.59
Husavik,100,IS,1643682586,90,66.0449,-17.3389,22.91,16.17
Huautla,11,MX,1643682587,86,21.0333,-98.2833,62.22,3.18
General Roca,0,AR,1643682588,17,-39.0333,-67.5833,74.62,9.42
Shitanjing,12,CN,1643682590,22,39.2342,106.3439,15.66,0.36
Adjumani,100,UG,1643682435,45,3.3779,31.7909,73.67,0.87
Klaksvík,100,FO,1643682594,80,62.2266,-6.589,43.72,43.82
Vila do Maio,100,CV,1643682595,81,15.1333,-23.2167,70.59,20.27
Praia da Vitória,75,PT,1643682597,88,38.7333,-27.0667,59.76,18.88
Laguna de Perlas,34,NI,1643682600,74,12.3429,-83.6712,74.91,12.24
Yaan,54,NG,1643682602,20,7.3833,8.5667,70.41,5.73
Port-Gentil,93,GA,1643682604,77,-0.7193,8.7815,80.49,6.85
Gra Lygia,50,GR,1643682607,70,35.0167,25.6833,56.12,7.0
Pangody,96,RU,1643682608,100,65.85,74.4859,-12.28,5.23
Kastamonu Province,96,TR,1643682362,94,41.5,33.6667,18.5,0.76
Khatanga,18,RU,1643682613,100,71.9667,102.5,-29.7,3.47
Pisco,100,PE,1643682614,78,-13.7,-76.2167,71.65,12.66
Keelung,100,TW,1643682615,81,25.1283,121.7419,66.09,10.8
Chokurdakh,100,RU,1643682617,95,70.6333,147.9167,-12.77,1.57
Margate,93,GB,1643682387,82,51.3813,1.3862,43.03,3.0
Moose Factory,100,CA,1643682620,60,51.2585,-80.6094,3.2,9.22
Isangel,75,VU,1643682621,89,-19.55,169.2667,84.31,5.75
Bambanglipuro,89,ID,1643682623,69,-7.95,110.2833,73.6,6.22
Taicheng,1,CN,1643682624,29,38.731,113.228,20.19,4.18
Flinders,27,AU,1643682626,67,-34.5833,150.8552,94.8,4.0
Mar del Plata,0,AR,1643682609,55,-38.0023,-57.5575,64.87,1.01
Denia,1,ES,1643682629,44,38.8408,0.1057,55.47,5.01
Kumba,83,CM,1643682630,81,4.6363,9.4469,71.04,1.25
Kerema,100,PG,1643682632,72,-7.9631,145.7785,81.7,6.51
Fortuna,100,US,1643682633,81,40.5982,-124.1573,48.47,3.0
Cayenne,75,GF,1643682377,83,4.9333,-52.3333,80.1,5.99
Poum,42,NC,1643682636,75,-20.2333,164.0167,81.07,16.4
Maridi,85,SS,1643682638,32,4.9158,29.4742,69.75,2.8
Souillac,75,MU,1643682641,78,-20.5167,57.5167,79.36,18.41
Lagoa,38,PT,1643682643,75,39.05,-27.9833,58.87,22.37
Qaanaaq,3,GL,1643682645,46,77.484,-69.3632,-19.59,10.42
Nālūt,68,LY,1643682646,37,30.3333,10.85,44.69,10.4
Port Macquarie,5,AU,1643682648,64,-31.4333,152.9167,87.76,10.29
Wichian Buri,22,TH,1643682649,58,15.6578,101.106,84.76,7.81
Grindavik,100,IS,1643682652,93,63.8424,-22.4338,32.47,25.32
Olafsvik,80,IS,1643682653,81,64.8945,-23.7142,23.5,7.7
Bambous Virieux,75,MU,1643682655,78,-20.3428,57.7575,79.21,18.41
College,0,US,1643682656,71,64.8569,-147.8028,-15.41,0.0
Kahului,20,US,1643682658,58,20.8947,-156.47,82.42,8.05
São Filipe,100,CV,1643682659,72,14.8961,-24.4956,73.58,16.87
Upernavik,99,GL,1643682661,99,72.7868,-56.1549,-20.67,6.22
Semīrom,100,IR,1643682649,98,31.4167,51.5667,29.3,4.32
Egvekinot,96,RU,1643682664,69,66.3167,-179.1667,0.28,14.41
San Cristobal,98,VE,1643682665,86,7.7669,-72.225,69.98,2.1
Lufkin,0,US,1643682667,85,31.3382,-94.7291,58.84,6.91
Bandarbeyla,69,SO,1643682668,80,9.4942,50.8122,75.38,12.19
Tuktoyaktuk,40,CA,1643682669,69,69.4541,-133.0374,-16.6,2.3
San Patricio,99,US,1643682671,91,28.017,-97.5169,66.29,10.04
Belle Fourche,97,US,1643682672,71,44.6714,-103.8522,38.08,25.79
Harper,88,LR,1643682674,85,4.375,-7.7169,77.68,3.09
Uyemskiy,75,RU,1643682675,86,64.4743,40.8524,17.65,6.71
Batagay,93,RU,1643682677,98,67.6333,134.6333,-27.36,1.16
Gorontalo,15,ID,1643682403,54,0.5412,123.0595,88.81,3.04
Los Llanos de Aridane,0,ES,1643682679,57,28.6585,-17.9182,56.95,8.01
Crib Point,95,AU,1643682681,71,-38.35,145.2,75.38,18.59
Newcastleton,100,GB,1643682682,97,55.1796,-2.8127,49.28,14.97
Nishihara,75,JP,1643682684,58,26.1842,127.7558,65.48,10.36
Tessalit,8,ML,1643682685,10,20.1986,1.0114,61.38,9.26
Atar,100,MR,1643682687,14,20.5169,-13.0499,77.77,9.66
Gao,97,ML,1643682688,9,16.6362,1.637,60.85,13.76
Florø,75,NO,1643682539,93,61.5996,5.0328,31.96,12.66
Umm Kaddadah,25,SD,1643682691,31,13.6017,26.6876,52.23,16.13
Bauchi,6,NG,1643682692,31,10.5,10.0,53.8,3.38
Villamontes,100,BO,1643682694,78,-21.25,-63.5,72.82,6.42
Esperance,57,AU,1643682696,51,-33.8667,121.9,67.84,16.53
Dauphin,100,CA,1643682697,92,51.1494,-100.0502,14.14,14.97
Abu Dhabi,100,AE,1643682699,92,24.4667,54.3667,66.96,2.3
Bathsheba,20,BB,1643682700,83,13.2167,-59.5167,77.61,14.97
Katsuura,91,JP,1643682702,47,35.1333,140.3,46.51,7.45
Popondetta,100,PG,1643682703,56,-8.7537,148.2534,89.69,4.21
Eureka,40,US,1643682705,81,40.8021,-124.1637,48.74,10.0
Sampit,100,ID,1643682706,59,-2.5333,112.95,87.53,3.91
Tieli,100,CN,1643682708,92,46.95,128.05,0.43,3.76
São Gabriel da Cachoeira,93,BR,1643682709,79,-0.1303,-67.0892,76.08,0.69
São João da Barra,100,BR,1643682710,90,-21.6403,-41.0511,76.28,9.53
Lensk,100,RU,1643682710,92,60.7253,114.9278,-0.53,6.8
Tighina,100,MD,1643682713,71,46.8306,29.4711,33.28,0.13
Moussoro,0,TD,1643682715,19,13.6408,16.4901,55.47,13.06
Omboué,72,GA,1643682716,87,-1.5746,9.2618,77.13,3.89
Santa Rosa,69,PH,1643682433,63,14.3122,121.1114,85.08,15.39
Ozernovskiy,72,RU,1643682719,71,51.5,156.5167,25.99,12.1
Hasaki,100,JP,1643682720,37,35.7333,140.8333,45.0,1.21
Ussel,52,FR,1643682722,88,45.55,2.3167,31.08,7.31
Sebezh,100,RU,1643682725,95,56.2955,28.4654,20.61,6.8
Nome,0,US,1643682726,49,64.5011,-165.4064,17.67,12.66
El Batey,75,DO,1643682728,94,19.7667,-70.5167,73.38,0.0
Avera,20,US,1643682729,55,33.194,-82.5271,43.72,5.17
Berdigestyakh,100,RU,1643682730,95,62.0989,126.6992,-14.78,7.2
Longyearbyen,40,SJ,1643682732,73,78.2186,15.6401,12.04,10.36
Malayal,100,PH,1643682733,65,7.208,121.942,85.8,2.86
Honiara,73,SB,1643682735,80,-9.4333,159.95,84.33,4.52
West Wendover,20,US,1643682738,53,40.7391,-114.0733,29.62,4.18
Talnakh,98,RU,1643682739,94,69.4865,88.3972,6.21,8.81
Alice Springs,75,AU,1643682741,70,-23.7,133.8833,83.75,12.66
Carnarvon,12,AU,1643682743,48,-24.8667,113.6333,89.67,17.27
Manavālakurichi,3,IN,1643682744,71,8.1333,77.3,78.89,8.19
Atambua,54,ID,1643682746,78,-9.1061,124.8925,78.58,15.05
Bismarck,40,US,1643682747,88,46.8083,-100.7837,38.8,9.22
Kuytun,98,RU,1643682749,98,54.3419,101.5036,-7.38,1.9
Dzhebariki-Khaya,97,RU,1643682750,95,62.2167,135.8,-22.04,1.19
Baijiantan,98,CN,1643682752,91,45.6333,85.1833,5.58,3.38
Cabo San Lucas,0,MX,1643682753,59,22.8909,-109.9124,70.9,1.01
Punta Alta,15,AR,1643682754,29,-38.8759,-62.0736,68.85,13.42
Härnösand,100,SE,1643682612,87,62.6323,17.9379,12.2,6.85
Morros,82,BR,1643682757,72,-9.4467,-46.3003,75.51,2.86
Dauriya,57,RU,1643682759,96,49.9333,116.8667,-10.93,3.2
Berlevåg,43,NO,1643682760,75,70.8578,29.0864,22.14,9.35
Jiuquan,96,CN,1643682763,24,39.7432,98.5174,19.74,1.83
La Ronge,100,CA,1643682764,66,55.1001,-105.2842,1.65,16.11
Isla Mujeres,12,MX,1643682766,64,21.2311,-86.731,69.85,14.83
Rock Springs,0,US,1643682767,48,41.5875,-109.2029,24.24,8.99
Warrenton,99,ZA,1643682769,86,-28.114,24.8475,65.39,6.89
Portland,75,US,1643682770,87,45.5234,-122.6762,43.9,1.01
Coahuayana Viejo,0,MX,1643682771,88,18.7333,-103.6833,80.08,2.19
Iberia,0,US,1643682773,63,29.9502,-91.7507,62.67,11.5
Namchi,96,IN,1643682775,88,27.1667,88.35,45.57,1.7
Ancud,82,CL,1643682778,88,-41.8697,-73.8203,57.22,6.51
Touros,46,BR,1643682779,75,-5.1989,-35.4608,76.1,12.21
Yerbogachën,89,RU,1643682780,99,61.2767,108.0108,-11.24,2.93
Kumul,33,CN,1643682782,35,42.8,93.45,22.93,1.68
Itaqui,0,BR,1643682783,40,-29.1253,-56.5531,76.66,11.23
Itupiranga,100,BR,1643682785,98,-5.1347,-49.3267,70.99,0.38
Shubarkuduk,100,KZ,1643682786,89,49.1447,56.4872,22.05,12.55
Khandyga,93,RU,1643682788,95,62.6667,135.6,-23.73,0.6
Tolaga Bay,89,NZ,1643682789,68,-38.3667,178.3,71.96,16.75
Plettenberg Bay,100,ZA,1643682790,80,-34.0527,23.3716,73.53,3.09
Ambon City,96,ID,1643682792,68,-3.6954,128.1814,85.77,17.38
Kloulklubed,100,PW,1643682793,74,7.0419,134.2556,82.9,16.4
Slave Lake,20,CA,1643682795,77,55.2834,-114.769,-4.02,8.05
Chamonix,93,FR,1643682609,97,45.9238,6.8693,31.35,3.2
Zhoucheng,1,CN,1643682798,20,35.9122,116.3117,36.16,6.29
Thunder Bay,100,CA,1643682799,85,48.4001,-89.3168,32.56,8.05
Kutum,1,SD,1643682802,31,14.2,24.6667,46.42,7.4
Whitehorse,0,CA,1643682803,77,60.7161,-135.0538,-12.23,6.91
Kurumkan,80,RU,1643682805,95,54.3,110.3,-11.09,1.14
Honningsvåg,100,NO,1643682806,76,70.9821,25.9704,28.47,11.52
Smoky Lake,98,CA,1643682809,77,54.1169,-112.4686,-3.24,9.22
Ust-Nera,100,RU,1643682811,98,64.5667,143.2,-0.63,3.42
Hong Kong,100,HK,1643682711,88,22.2855,114.1577,57.33,1.01
Manado,20,ID,1643682814,70,1.487,124.8455,86.77,6.91
Tadine,100,NC,1643682815,73,-21.55,167.8833,80.82,5.61
Westport,0,US,1643682818,68,41.1415,-73.3579,24.57,1.99
Luwuk,78,ID,1643682568,57,-0.9516,122.7875,87.53,1.66
Buraidah,0,SA,1643682821,37,26.326,43.975,50.45,14.27
Qaqortoq,100,GL,1643682822,80,60.7167,-46.0333,25.3,14.63
Chuchar-kana Mandi,0,PK,1643682824,69,31.75,73.8,44.71,4.59
Zverinogolovskoye,97,RU,1643682825,97,54.4586,64.8542,9.0,6.42
Zhuhai,40,CN,1643682830,93,22.2769,113.5678,57.06,19.57
Maragogi,27,BR,1643682831,82,-9.0122,-35.2225,77.85,6.4
Jumla,3,NP,1643682832,46,29.2747,82.1838,37.04,3.15
Oranjemund,0,NA,1643682834,91,-28.55,16.4333,65.39,8.03
Denizli Province,100,TR,1643682814,78,37.8402,29.0698,25.65,4.32
Auki,76,SB,1643682837,68,-8.7676,160.7034,85.48,5.73
Bereda,13,ES,1643682838,100,43.2686,-7.5406,44.42,6.87
Santa Cruz de Barahona,81,DO,1643682839,83,18.2085,-71.1008,74.26,2.8
Øksfjord,100,NO,1643682841,80,70.2396,22.3479,18.52,7.85
Rajshahi,2,BD,1643682842,47,24.3667,88.6,65.57,4.79
Farafangana,21,MG,1643682844,86,-22.8167,47.8333,74.34,4.56
Udachny,71,RU,1643682845,100,66.4167,112.4,-34.49,3.38
Amlapura,44,ID,1643682847,65,-8.45,115.6167,86.88,2.73
Kirakira,85,SB,1643682848,77,-10.4544,161.9205,83.53,5.53
Dholka,0,IN,1643682849,72,22.7167,72.4667,61.18,2.3
Rome,0,US,1643682592,77,43.2128,-75.4557,15.84,0.0
Clyde River,100,CA,1643682854,68,70.4692,-68.5914,-25.37,2.3
Warrnambool,69,AU,1643682855,65,-38.3833,142.4833,67.8,20.85
Eyl,93,SO,1643682857,77,7.9803,49.8164,75.94,13.87
Kankaanpää,61,FI,1643682858,94,61.8,22.4167,9.81,5.01
Coquimbo,100,CL,1643682629,77,-29.9533,-71.3436,64.13,6.91
Mahébourg,75,MU,1643682861,78,-20.4081,57.7,79.25,18.41
Tuy Hoa,61,VN,1643682862,87,13.0833,109.3,75.96,10.11
Itaituba,54,BR,1643682602,98,-4.2761,-55.9836,72.36,1.61
Samarai,100,PG,1643682865,66,-10.6167,150.6667,87.1,11.9
Chulym,94,RU,1643682866,97,55.0997,80.9572,9.59,9.46
Okhotsk,100,RU,1643682868,78,59.3833,143.3,9.28,15.3
Calvinia,0,ZA,1643682618,72,-31.4707,19.776,70.92,3.18
Gort,100,IE,1643682872,93,53.0664,-8.8167,47.95,16.82
Vostok,100,RU,1643682731,84,46.4856,135.8833,6.69,5.1
Tuatapere,100,NZ,1643682875,45,-46.1333,167.6833,68.83,2.46
Bowen,8,AU,1643682876,70,-20.0167,148.2333,89.82,10.18
Albemarle,0,US,1643682878,74,35.3501,-80.2001,45.16,0.0
Bibiani,100,GH,1643682880,79,6.4635,-2.3194,63.99,0.83
Ilulissat,20,GL,1643682881,78,69.2167,-51.1,5.02,8.05
Gijang,38,KR,1643682883,39,35.2442,129.2139,42.53,17.47
Ostrovnoy,100,RU,1643682884,95,68.0531,39.5131,15.13,3.69
Lethem,15,GY,1643682886,63,3.3803,-59.7968,80.08,10.98
Montrose,63,US,1643682685,51,38.4166,-108.2673,30.54,4.72
Kota,0,IN,1643682888,51,25.1833,75.8333,64.36,3.13
Tongling,96,CN,1643682890,55,30.95,117.7833,43.93,12.64
Arlit,0,NE,1643682891,21,18.7369,7.3853,52.79,4.59
Suba,100,PH,1643682893,81,10.8438,121.0102,80.85,22.88
Comodoro Rivadavia,47,AR,1643682823,32,-45.8667,-67.5,67.86,32.21
El Alto,100,PE,1643682896,76,-4.2714,-81.2147,71.1,3.78
Soyo,99,AO,1643682897,88,-6.1349,12.3689,77.83,6.29
Tasiilaq,80,GL,1643682898,89,65.6145,-37.6368,10.56,8.14
Rāvar,8,IR,1643682900,36,31.2656,56.8055,47.48,4.05
Bilma,0,NE,1643682901,25,18.6853,12.9164,50.94,4.12
Mitú,99,CO,1643682903,69,1.1983,-70.1733,71.55,2.39
Santiago,0,CL,1643682636,45,-33.4569,-70.6483,71.85,13.8
Mahon,100,ES,1643682906,66,39.8885,4.2658,50.56,31.07
Kiyasovo,100,RU,1643682907,96,56.3491,53.1244,27.82,13.87
Goderich,7,CA,1643682908,63,43.7501,-81.7165,21.52,8.05
Ṭikāpur,0,NP,1643682910,67,28.5,81.1333,57.4,2.51
Saldanha,7,ZA,1643682911,91,-33.0117,17.9442,62.65,8.59
Río Gallegos,0,AR,1643682913,61,-51.6226,-69.2181,48.25,27.63
Alta Floresta,100,BR,1643682914,97,-9.8756,-56.0861,70.54,1.45
Taoudenni,4,ML,1643682915,8,22.6783,-3.9836,64.72,11.01
Karratha,100,AU,1643682917,47,-20.7377,116.8463,94.28,12.8
Abalak,84,RU,1643682918,100,58.1286,68.5944,-8.19,3.6
Caravelas,46,BR,1643682920,91,-17.7125,-39.2481,77.32,8.3
Tres Arroyos,6,AR,1643682921,33,-38.3739,-60.2798,57.67,13.06
Faya,10,SA,1643682924,81,18.3851,42.4509,52.32,4.41
Wawa,47,NG,1643682925,22,9.9022,4.4192,69.66,5.82
Acapulco de Juárez,20,MX,1643682757,69,16.8634,-99.8901,80.42,9.22
Kismayo,92,SO,1643682928,81,-0.3582,42.5454,76.39,11.01
Sabang,100,ID,1643682930,73,5.8933,95.3214,82.02,12.59
Ginda,5,IN,1643682931,28,30.6945,78.4932,41.04,5.37
Requena,3,ES,1643682932,62,39.4883,-1.1004,48.7,13.98
Waipawa,94,NZ,1643682934,55,-41.4122,175.5153,74.03,8.08
Omsukchan,100,RU,1643682935,96,62.5333,155.8,-3.12,7.02
Yulara,100,AU,1643682937,100,-25.2406,130.9889,71.44,10.36
Waingapu,13,ID,1643682938,62,-9.6567,120.2641,86.97,19.04
Camiri,100,BO,1643682940,95,-20.05,-63.5167,67.19,2.95
Ambositra,100,MG,1643682941,96,-20.5167,47.25,61.41,2.42
Leh,99,IN,1643682942,93,34.1667,77.5833,5.07,2.77
Albanel,43,CA,1643682945,69,48.8832,-72.4487,-16.46,4.61
Grand Gaube,99,MU,1643682947,70,-20.0064,57.6608,79.38,5.99
Bani Walid,100,LY,1643682948,28,31.7566,13.9942,52.65,14.54
Ambilobe,100,MG,1643682949,94,-13.2,49.05,73.99,1.3
Atasū,18,KZ,1643682951,98,48.6814,71.6433,-2.24,4.0
Autazes,100,BR,1643682952,97,-3.5797,-59.1306,73.62,2.24
Chāmpua,29,IN,1643682954,36,22.0833,85.6667,65.3,2.86
Zeya,16,RU,1643682955,54,53.75,127.2667,5.77,4.88
Keti Bandar,0,PK,1643682958,80,24.1447,67.4497,70.12,3.31
Pangnirtung,97,CA,1643682959,94,66.1451,-65.7125,-29.99,4.41
Petropavlovsk-Kamchatskiy,75,RU,1643682777,69,53.0452,158.6483,27.19,15.66
Kongolo,100,CD,1643682962,99,-5.3833,27.0,66.51,1.36
Wonthaggi,78,AU,1643682963,69,-38.6044,145.5913,71.06,18.59
Xiaolan,100,CN,1643682965,82,22.6731,113.2295,51.75,8.77
Marsh Harbour,0,BS,1643682966,55,26.5412,-77.0636,65.1,12.68
Grand-Santi,99,GF,1643682968,99,4.25,-54.3833,71.13,2.15
Dukat,100,RU,1643682969,97,62.55,155.55,-4.11,6.24
Phan Thiet,27,VN,1643682860,57,10.9333,108.1,84.67,13.87
Orlik,41,RU,1643682972,91,52.5178,99.825,-13.85,1.79
Ugoofaaru,58,MV,1643682973,71,5.6667,73.0,82.69,11.56
Bagdarin,14,RU,1643682975,79,54.4333,113.6,-3.66,2.06
Uvarovka,93,RU,1643682976,98,55.5278,35.6061,13.44,3.83
Tahe,99,CN,1643682978,64,52.3333,124.7333,5.81,10.51
Tharād,0,IN,1643682979,80,24.3961,71.6267,65.52,4.45
Ligayan,4,PH,1643682980,78,4.6533,119.4706,81.14,6.62
San Jerónimo,100,PE,1643682982,95,-11.9472,-75.2829,46.92,1.19
Sakakah,0,SA,1643682983,65,29.9697,40.2064,44.17,7.83
Laas,100,IT,1643682985,95,46.6166,10.7002,32.88,7.74
Mossamedes,99,AO,1643682986,75,-15.1961,12.1522,70.32,8.28
Kiryat Gat,64,IL,1643682988,100,31.61,34.7642,52.39,8.59
Varna,0,BG,1643682978,88,43.2167,27.9167,38.44,1.14
Mezen',100,RU,1643682990,98,65.8522,44.24,1.65,4.38
Nemuro,71,JP,1643682992,62,43.3236,145.575,27.03,20.27
Halifax,27,CA,1643682993,81,44.6453,-63.5724,19.45,3.44
Yar-Sale,43,RU,1643682995,100,66.8333,70.8333,-17.7,5.03
Divo,99,CI,1643682996,97,5.8397,-5.36,69.1,1.81
North Battleford,20,CA,1643682997,71,52.7834,-108.2847,-0.31,28.77
Miyako,54,JP,1643683000,41,39.6367,141.9525,36.07,5.79
Kawalu,81,ID,1643683003,66,-7.3817,108.2082,85.12,2.24
Fairbanks,0,US,1643683004,70,64.8378,-147.7164,-15.39,0.0
Zhigansk,92,RU,1643683006,97,66.7697,123.3711,-28.43,6.71
Wad Rāwah,3,SD,1643683007,24,15.1603,33.1397,58.6,14.0
Half Moon Bay,40,US,1643683009,85,37.4636,-122.4286,54.91,6.91
Asău,100,RO,1643683010,84,46.4333,26.4,29.75,3.71
Teluknaga,20,ID,1643683011,74,-6.0989,106.6381,89.64,5.99
Malitbog,89,PH,1643683013,53,8.5339,124.8831,84.74,3.11
Ürümqi,75,CN,1643683014,85,43.801,87.6005,-3.05,2.24
Waddān,58,LY,1643683016,46,29.1614,16.139,48.76,7.67
Macaúbas,96,BR,1643683017,92,-13.0194,-42.6986,67.91,1.92
Ronda,0,ES,1643683019,51,36.7423,-5.1671,52.7,4.43
Arman',100,RU,1643683020,78,59.7,150.1667,7.75,13.82
Mâncio Lima,50,BR,1643683021,88,-7.6142,-72.8958,72.03,1.88
Turan,75,VN,1643683023,73,16.0678,108.2208,71.58,5.75
Hay River,40,CA,1643683024,77,60.8156,-115.7999,-5.84,9.22
Nampa,0,US,1643683026,67,43.5407,-116.5635,34.99,0.0
Riyadh,93,SA,1643682924,43,24.6877,46.7219,62.74,6.13
Maniitsoq,96,GL,1643683028,87,65.4167,-52.9,11.21,9.71
Khilok,98,RU,1643683030,88,51.3674,110.4676,-0.72,3.56
Gornoye Loo,99,RU,1643683031,84,43.7129,39.6049,37.18,3.98
Anchorage,20,US,1643682974,87,61.2181,-149.9003,16.29,3.44
Tomatlán,0,MX,1643683034,65,19.9333,-105.25,65.84,3.27
Yakeshi,100,CN,1643683036,96,49.2833,120.7333,-12.26,5.19
Edineţ,97,MD,1643683037,77,48.1681,27.305,25.43,3.67
Hofn,35,IS,1643683038,73,64.2539,-15.2082,33.24,11.1
Boende,100,CD,1643683040,81,-0.2167,20.8667,70.14,2.39
Anadyr,0,RU,1643683041,49,64.75,177.4833,19.9,8.95
Rodrigues Alves,39,BR,1643683043,90,-7.738,-72.6509,72.32,1.16
Oodweyne,7,SO,1643683044,67,9.4092,45.064,59.59,1.74
Xinxiang,0,CN,1643683046,26,35.3089,113.8672,37.0,5.46
Zholymbet,100,KZ,1643683047,92,51.7433,71.7122,10.94,12.3
Makhinjauri,100,GE,1643683048,75,41.6739,41.694,42.66,9.22
Ca Mau,46,VN,1643683050,58,9.1769,105.15,86.61,13.18
Cairns,100,AU,1643683051,77,-16.9167,145.7667,90.07,6.91
Regeneração,1,BR,1643683053,72,-6.2378,-42.6883,73.17,2.21
San Miguel,0,SV,1643683054,61,13.4833,-88.1833,80.26,3.44
Upata,91,VE,1643683055,79,8.0086,-62.3989,73.18,5.39
Tateyama,83,JP,1643683058,54,34.9833,139.8667,50.27,7.87
Noumea,91,NC,1643683060,75,-22.2763,166.4572,78.78,8.48
Rørvik,100,NO,1643683061,93,64.8621,11.2373,27.27,20.07
Ciudad Juárez,20,MX,1643682850,21,31.7333,-106.4833,59.11,4.61
Kwang Binh,100,VN,1643683064,88,17.4833,106.6,63.86,7.87
Zyryanka,100,RU,1643682843,95,65.75,150.85,-9.4,11.3
Weihe,100,CN,1643683067,85,32.9952,105.3247,33.19,3.02
Huanren,12,CN,1643683068,53,41.2647,125.3667,20.7,5.84
Luang Prabang,0,LA,1643683070,72,19.8856,102.1347,64.36,2.3
Tigil',11,RU,1643683072,83,57.8,158.6667,19.76,7.38
Kuybysheve,42,UA,1643683074,89,47.358,36.6491,26.71,7.67
San Isidro,0,PE,1643683075,82,-12.1167,-77.05,73.51,10.36
Laguna,0,US,1643683077,66,38.421,-121.4238,56.32,4.61
Broome,9,US,1643683078,74,42.2506,-75.833,16.56,3.0
Fort Nelson,20,CA,1643683079,84,58.8053,-122.7002,-8.01,2.3
Houma,100,US,1643683081,72,29.5958,-90.7195,57.2,7.0
Minas,0,UY,1643683082,73,-34.3759,-55.2377,63.07,4.52
Ola,98,RU,1643683085,77,59.5833,151.2833,7.93,11.34
Kaeo,99,NZ,1643683086,84,-35.1,173.7833,73.33,13.6
Katobu,95,ID,1643683088,55,-4.9408,122.5276,87.69,6.76
Beruwala,23,LK,1643683089,83,6.4788,79.9828,77.77,1.77
San Juan,75,AR,1643682912,26,-31.5375,-68.5364,81.36,4.38
Makakilo City,75,US,1643683092,65,21.3469,-158.0858,75.0,11.5
Ekhabi,100,RU,1643683093,93,53.5102,142.9671,5.54,24.79
Roebourne,100,AU,1643683095,54,-20.7833,117.1333,92.77,14.38
Basirpur,0,PK,1643683096,65,30.5832,73.829,51.24,5.12
Naze,68,JP,1643683098,56,28.3667,129.4833,59.92,6.44
Ponta Delgada,20,PT,1643683099,72,37.7333,-25.6667,57.92,6.91
Abu Samrah,2,SY,1643683100,85,35.3029,37.1841,41.31,3.69
Coos Bay,75,US,1643683102,95,43.3665,-124.2179,43.02,0.0
Erzin,86,TR,1643683103,79,36.9559,36.2,43.32,4.5
Oussouye,100,SN,1643683105,67,12.485,-16.5469,71.96,9.1
Salinópolis,99,BR,1643683106,80,-0.6136,-47.3561,76.73,11.97
Arenys de Mar,36,ES,1643683107,84,41.5819,2.5494,51.6,5.99
Vadsø,86,NO,1643683109,87,70.0744,29.7487,-10.32,4.25
Tura,74,IN,1643683110,51,25.5198,90.2201,62.51,5.48
Puerto Nariño,90,CO,1643683112,84,-3.7703,-70.3831,78.75,1.83
Byron Bay,16,AU,1643683113,56,-28.65,153.6167,91.71,4.92
Banda Aceh,99,ID,1643683114,73,5.5577,95.3222,82.53,8.88
Laviana,100,ES,1643683116,99,43.2333,-5.5333,48.7,3.51
Boone,100,US,1643683117,76,39.0334,-92.3335,53.26,15.19
Codrington,88,AU,1643683119,61,-38.2667,141.9667,62.58,20.38
Sinnamary,100,GF,1643683120,89,5.3833,-52.95,75.87,8.77
Sola,99,VU,1643683121,83,-13.8833,167.55,78.37,5.32
Sinaloa,0,MX,1643683123,63,25.0,-107.5,63.1,2.57
Übach-Palenberg,0,DE,1643683077,92,50.9333,6.1167,38.34,6.91
Bethanien,63,NA,1643683126,67,-26.502,17.1583,73.44,6.8
Nīlēshwar,35,IN,1643683127,68,12.25,75.1,77.4,2.66
Izhmorskiy,100,RU,1643683092,93,56.194,86.6414,13.86,8.3
Banamba,91,ML,1643683131,19,13.55,-7.45,69.1,10.47
Opuwo,99,NA,1643683133,64,-18.0607,13.84,60.8,4.34
Saurimo,100,AO,1643683134,98,-9.6608,20.3916,63.66,3.27
Tazovsky,100,RU,1643683136,98,67.4667,78.7,-0.02,5.99
Fukuechō,75,JP,1643683138,66,32.6881,128.8419,48.56,10.36
Mataram,23,ID,1643683139,67,-8.5833,116.1167,86.81,8.03
Taft,75,IR,1643683140,21,31.7471,54.2088,42.75,6.91
Dīnhāta,14,IN,1643683142,53,26.1333,89.4667,63.19,6.44
Yamada,50,JP,1643683143,43,39.4667,141.95,36.41,5.7
Guerrero Negro,7,MX,1643683145,74,27.9769,-114.0611,60.93,10.2
Kaili,91,ID,1643683146,60,-3.4626,120.2147,80.67,3.8
Aliaga,4,PH,1643683147,53,15.5167,120.8667,84.76,4.65
Santander,100,ES,1643683112,62,43.4647,-3.8044,52.47,15.99
Sivaki,14,RU,1643683150,72,52.6333,126.75,1.98,8.95
Prieska,95,ZA,1643683152,88,-29.6641,22.7474,68.47,6.38
Biała Podlaska,100,PL,1643683153,76,52.0324,23.1165,28.44,10.8
Danville,0,US,1643683154,60,36.586,-79.395,36.21,5.75
Trojes,100,AL,1643683157,72,41.756,19.962,45.09,5.86
Conde,20,BR,1643683159,94,-7.2597,-34.9075,76.46,3.44
Tsimmerbude,99,RU,1643683160,61,54.675,20.1347,33.85,14.47
Colinas,39,BR,1643683161,91,-6.0258,-44.2492,71.2,1.07
Nichinan,89,JP,1643683163,51,31.6,131.3667,53.28,12.06
San Buenaventura,0,MX,1643683164,23,27.0833,-101.5333,68.47,3.98
Phalaborwa,0,ZA,1643683042,88,-23.943,31.1411,70.88,4.09
Codajás,100,BR,1643683167,98,-3.8367,-62.0569,72.91,2.8
Kieta,100,PG,1643683168,70,-6.2167,155.6333,84.63,7.87
Gobabis,100,NA,1643683170,82,-22.45,18.9667,67.84,9.42
Nagato,97,JP,1643683171,55,34.3833,131.2,44.55,22.3
Kiunga,100,PG,1643683174,77,-6.1219,141.2906,80.91,1.45
Dawlatabad,8,AF,1643683175,41,36.4141,64.9053,42.66,3.58
Ulaangom,100,MN,1643683177,96,49.9811,92.0667,-20.56,1.19
Huaihua,100,CN,1643683178,98,27.5494,109.9592,37.9,3.62
Wahiawā,75,US,1643683180,69,21.5028,-158.0236,72.46,11.5
Bailieborough,100,IE,1643683181,89,53.9167,-6.9667,48.43,18.34
Paamiut,100,GL,1643683182,81,61.994,-49.6678,18.43,9.46
Biak,69,ID,1643683184,59,-0.9131,122.8766,84.92,0.78
Galle,34,LK,1643683185,79,6.0367,80.217,78.06,3.89
Killybegs,100,IE,1643683187,95,54.6333,-8.45,49.44,24.49
Road Town,5,VG,1643683188,71,18.4167,-64.6167,77.09,9.22
Belyy Yar,20,RU,1643683190,76,53.6039,91.3903,-23.91,0.0
Leshan,100,CN,1643683191,84,29.5623,103.7639,44.33,3.47
Khorixas,93,NA,1643683192,78,-20.3667,14.9667,60.49,6.46
Muhos,100,FI,1643683195,93,64.808,25.9931,2.98,6.11
Villa Bruzual,0,VE,1643683197,60,9.3328,-69.1208,76.23,6.04
Voskresenskoye,100,RU,1643683198,98,56.8381,45.4317,30.74,9.6
Mayo,0,US,1643683199,72,38.8876,-76.5119,31.12,0.0
